"TaxonCode","Name","Sc_Name","FFG_Act_Listed","FFG_ADV","EPBC","MaleHomerange_aver","MaleHomerange_min","MaleHomerange_max","FemaleHomerange_aver","FemaleHomerange_min","FemaleHomerange_max","MaleDispersal_distance_aver","MaleDispersal_distance_min","MaleDispersal_distance_max","FemaleDispersal_distance_aver","FemaleDispersal_distance_min","FemaleDispersal_distance_max","critical_habitat_elements","BothBody_size_min","BothBody_size_max","MaleBody_size_min","MaleBody_size_max","FemaleBody_Size_min","FemaleBody_size_max","MaleBody_Wt","MaleBody_Wt_min","MaleBody_wt_max","FemaleBody_Wt","FemaleBody_Wt_min","FemaleBody_wt_max","BothBody_Wt_min","BothBody_wt_max","MaleLongevity_min","MaleLongevity_max","FemaleLongevity_min","FemaleLongevity_max","BothLongevity_min","BothLongevity_max","MaleSexual_maturity_min","MaleSexual_maturity_max","FemaleSexual_maturity_min","FemaleSexual_maturity_max","PopulationgrowthrateMin_Level","Max_Level","GenerationtimeMin_Level","GenTime_Max_Level","AdultTrend","AdultDiet","TaxonGroup"
12194,"Tree Dragon","Amphibolurus muricatus","U","","",0.2,0.05,0.5,0.2,0.05,0.5,0.2,0.05,0.5,0.2,0.05,0.5,"CWD/logs/litter",70,120,136.266666666667,190.666666666667,135.533333333333,186.8,134.14375,117.258823529412,219,134.15625,105.505882352941,187.535294117647,20,30,77.5384615384615,108,77.5384615384615,108,36,120,24,36,24,36,3.04761904761905,9.52380952380952,3,12,0.595238095238095,"","Lizards"
18999,"Eastern Water Dragon","Physignathus lesueurii","U","","",1,0.5,4,1,0.5,4,0.1,0.05,1,0.1,0.05,1,"CWD",110.35,161.684210526316,210,304,160,220,134.14375,400,1000,134.15625,200,450,105.594444444444,179.616666666667,77.5384615384615,108,77.5384615384615,108,36,170,12,36,12,36,6,17,24,48,0.5,"Omnivore","Lizards"
12077,"Wood Gecko","Diplodactylus vittatus","U","","",0.02,0.01,0.04,0.02,0.01,0.04,0.07,0.03,0.1,0.07,0.03,0.1,"CWD/logs/litter",45,60,45,60,45,60,2.5,2.3,2.8,2.5,2.3,2.8,2.3,2.8,36,72,36,72,36,72,18,24,18,24,2,2,1,3,0.5,"Invertivore","Lizards"
12209,"Norris's Dragon","Amphibolurus norrisi","U","","",0.2,0.05,0.5,0.2,0.05,0.5,0.2,0.05,0.5,0.2,0.05,0.5,"Malleestems/CWD/",70,100,136.266666666667,190.666666666667,135.533333333333,186.8,134.14375,117.258823529412,219,134.15625,105.505882352941,187.535294117647,18,25,77.5384615384615,108,77.5384615384615,108,36,100,24,36,24,36,3,7,3,4,0.75,"","Lizards"
19009,"Nobbi Dragon","Amphibolurus nobbi nobbi (moved to Diporiphora nobbi 2011?)","U","","",0.5,0.1,1,0.5,0.1,1,0.5,0.1,1,0.5,0.1,1,"Malleestems/CWD/",60,90,136.266666666667,190.666666666667,135.533333333333,186.8,15,12,18,15,12,23,105.594444444444,179.616666666667,77.5384615384615,108,77.5384615384615,108,36,100,24,36,24,36,4,9,3,4,0.5,"","Lizards"
62916,"Nobbi Dragon (NW)","Amphibolurus nobbi nobbi (NW) (moved to Diporiphora nobbi 2011?)","U","","",0.5,0.1,1,0.5,0.1,1,0.5,0.1,1,0.5,0.1,1,"Malleestems/CWD/",60,90,136.266666666667,190.666666666667,135.533333333333,186.8,15,12,18,15,12,23,105.594444444444,179.616666666667,77.5384615384615,108,77.5384615384615,108,36,100,24,36,24,36,4,9,3,4,0.5,"","Lizards"
62917,"Nobbi Dragon","Amphibolurus nobbi coggeri (Moved to Diporiphora nobbi in 2011?)","U","DD","",0.5,0.1,1,0.5,0.1,1,0.5,0.1,1,0.5,0.1,1,"Malleestems/CWD/",60,90,136.266666666667,190.666666666667,135.533333333333,186.8,15,12,18,15,12,23,105.594444444444,179.616666666667,77.5384615384615,108,77.5384615384615,108,36,100,24,36,24,36,4,9,3,4,0.5,"","Lizards"
12176,"Hooded Scaly-foot","Pygopus schraderi","L","CE","",0.1,0.05,0.3,0.1,0.05,0.3,0.1,0.05,0.3,0.1,0.05,0.3,"densegoundlayer",150,200,150,200,150,200,13,10,16,13,10,16,10,16,96,132,96,132,96,132,18,24,18,24,2,2,2,4,0.75,"Invertivore","Lizards"
62940,"Egernia NSW","Egernia saxatilis saxatilis nsw","U","","",0.05,0.02,0.07,0.05,0.02,0.07,0.05,0.03,0.1,0.05,0.03,0.1,"Rockoutcrops/largelogsorstags",95,125,95,125,95,125,48,40,55,48,40,55,40,55,72,96,72,96,72,96,18,24,18,24,1,4,1,3,0.5,"Invertivore","Lizards"
12144,"Pink-tailed Worm-Lizard","Aprasia parapulchella","L","E","VU",0.02,0.01,0.04,0.02,0.01,0.04,0.05,0.02,0.1,0.05,0.02,0.1,"Rockoutcrops/largelogsorstags",106,160,100,140,110,160,2,1,2.5,2,1,2.5,1,2.5,60,96,60,96,60,96,30,36,36,48,2,2,3,6,0.75,"Invertivore","Lizards"
12126,"Marbled Gecko","Christinus marmoratus","U","","",0.02,0.01,0.04,0.02,0.01,0.04,0.05,0.03,0.1,0.05,0.03,0.1,"LargeTrees",45,75,45,75,45,75,3.7,3,4,3.7,3,4,3,4,36,72,36,72,36,72,18,24,18,24,1,2,1,3,0.5,"Invertivore","Lizards"
12011,"Pacific (Olive) Ridley","Lepidochelys olivacea","U","","EN",0.926818181818182,0.517727272727273,1.86090909090909,0.926818181818182,0.517727272727273,1.95181818181818,0.314090909090909,0.131363636363636,0.786363636363636,0.314090909090909,0.131363636363636,0.786363636363636,"",110.35,161.684210526316,136.266666666667,190.666666666667,135.533333333333,186.8,134.14375,117.258823529412,219,134.15625,105.505882352941,187.535294117647,105.594444444444,179.616666666667,77.5384615384615,108,77.5384615384615,108,61.6363636363636,110.454545454545,23.0454545454545,33.5454545454545,23.3181818181818,34.0909090909091,3.04761904761905,9.52380952380952,3.31818181818182,6.36363636363636,0.595238095238095,"","Lizards"
12076,"Tessellated Gecko","Diplodactylus tessellatus","U","","",0.02,0.01,0.04,0.02,0.01,0.04,0.07,0.03,0.1,0.07,0.03,0.1,"",38,58,38,58,38,58,2.5,2.3,2.8,2.5,2.3,2.8,2.3,2.8,36,72,36,72,36,72,18,24,18,24,2,2,1,3,0.5,"Invertivore","Lizards"
12138,"Thick-tailed Gecko","Underwoodisaurus milii","U","","",0.02,0.01,0.05,0.02,0.01,0.05,0.07,0.03,0.1,0.07,0.03,0.1,"",70,90,70,90,70,90,10,7.5,12,10,7.5,12,7.5,12,36,72,36,72,36,72,24,48,24,48,2,6,2,4,0.5,"Invertivore","Lizards"
12174,"Common Scaly-foot","Pygopus lepidopodus","U","","",0.1,0.05,0.3,0.1,0.05,0.3,0.1,0.05,0.3,0.1,0.05,0.3,"",180,240,180,240,180,240,18,15,22,18,15,22,15,22,96,132,96,132,96,132,18,24,18,24,2,2,2,4,0.5,"Invertivore","Lizards"
12177,"Bearded Dragon","Pogona barbata","U","V","",0.3,0.1,1,0.3,0.1,2,0.1,0.05,1,0.1,0.05,1,"",110.35,161.684210526316,133,250,158,250,134.14375,117.258823529412,219,134.15625,105.505882352941,187.535294117647,150,250,77.5384615384615,108,77.5384615384615,108,60,150,24,36,24,36,6,35,3,4,0.75,"Omnivore","Lizards"
12204,"Central Bearded Dragon","Pogona vitticeps","U","","",0.3,0.1,1,0.3,0.1,2,0.1,0.05,1,0.1,0.05,1,"",110,250,136.266666666667,190.666666666667,135.533333333333,186.8,134.14375,117.258823529412,219,134.15625,105.505882352941,187.535294117647,150,250,77.5384615384615,108,77.5384615384615,108,60,150,24,36,24,36,11,35,3,4,0.75,"Omnivore","Lizards"
12578,"Blotched Blue-tongued Lizard","Tiliqua nigrolutea","U","","",4,2.5,7,4,2.5,7,1,0.5,2,1,0.5,2,"",220,300,220,300,220,300,450,350,550,450,350,550,350,550,120,144,120,144,120,144,36,48,36,48,2,15,3,5,0.5,"Omnivore","Lizards"
12579,"Western Blue-tongued Lizard","Tiliqua occipitalis","U","NT","",4,2.5,7,4,2.5,7,1,0.5,2,1,0.5,2,"",280,330,280,330,280,330,500,450,600,500,450,600,450,600,120,144,120,144,120,144,36,48,36,48,3,7,3,5,0.75,"Omnivore","Lizards"
12580,"Common Blue-tongued Lizard","Tiliqua scincoides","U","","",4,2.5,7,4,2.5,7,1,0.5,2,1,0.5,2,"",220,310,220,310,220,310,450,350,550,450,350,550,350,550,120,144,120,144,120,144,36,48,36,48,1,18,3,5,0.5,"Omnivore","Lizards"
12583,"Stumpy-tailed Lizard","Tiliqua rugosa","U","","",4,2.5,7,4,2.5,7,1,0.5,2,1,0.5,2,"",220,320,220,320,220,320,600,325,850,600,325,850,325,850,120,144,120,144,120,144,36,48,36,48,1,4,3,5,0.5,"Herbivore","Lizards"
12922,"Grassland Earless Dragon","Tympanocryptis pinguicolla","L","CE","EN",0.5,0.1,2,0.5,0.1,2,0.1,0.05,1,0.1,0.05,1,"",70,161.684210526316,136.266666666667,190.666666666667,135.533333333333,186.8,134.14375,117.258823529412,219,134.15625,105.505882352941,187.535294117647,5,9,77.5384615384615,108,77.5384615384615,108,12,36,9,12,9,12,3,5,1,2,1,"","Lizards"
12948,"Grass skink FORM (P.pag/cry)","Pseudemoia form cryodoma/pagenstecheri","U","","",0.04,0.02,0.06,0.04,0.02,0.06,0.05,0.02,0.1,0.05,0.02,0.1,"",38,64,38,58,42,64,1.6,1.3,1.9,1.8,1.5,2,1.6,2,60,84,60,84,60,84,12,18,12,18,2,8,2,4,0.5,"Invertivore","Lizards"
19004,"Narrow-banded Sand Swimmer","Eremiascincus fasciolatus NOT CONFIRMED IN VICTORIA - DELETE?","U","DD","",0.926818181818182,0.517727272727273,1.86090909090909,0.926818181818182,0.517727272727273,1.95181818181818,0.314090909090909,0.131363636363636,0.786363636363636,0.314090909090909,0.131363636363636,0.786363636363636,"",110.35,161.684210526316,136.266666666667,190.666666666667,135.533333333333,186.8,134.14375,117.258823529412,219,134.15625,105.505882352941,187.535294117647,105.594444444444,179.616666666667,77.5384615384615,108,77.5384615384615,108,61.6363636363636,110.454545454545,23.0454545454545,33.5454545454545,23.3181818181818,34.0909090909091,3.04761904761905,9.52380952380952,3.31818181818182,6.36363636363636,0.595238095238095,"","Lizards"
19070,"Eastern Water Dragon","Physignathus lesueurii lesueurii","U","","",0.926818181818182,0.517727272727273,1.86090909090909,0.926818181818182,0.517727272727273,1.95181818181818,0.314090909090909,0.131363636363636,0.786363636363636,0.314090909090909,0.131363636363636,0.786363636363636,"",110.35,161.684210526316,136.266666666667,190.666666666667,135.533333333333,186.8,134.14375,117.258823529412,219,134.15625,105.505882352941,187.535294117647,105.594444444444,179.616666666667,77.5384615384615,108,77.5384615384615,108,61.6363636363636,110.454545454545,23.0454545454545,33.5454545454545,23.3181818181818,34.0909090909091,3.04761904761905,9.52380952380952,3.31818181818182,6.36363636363636,0.595238095238095,"","Lizards"
62918,"Tree Dragon Group","Amphibolurus muricatus (group)","U","","",0.926818181818182,0.517727272727273,1.86090909090909,0.926818181818182,0.517727272727273,1.95181818181818,0.314090909090909,0.131363636363636,0.786363636363636,0.314090909090909,0.131363636363636,0.786363636363636,"",110.35,161.684210526316,136.266666666667,190.666666666667,135.533333333333,186.8,134.14375,117.258823529412,219,134.15625,105.505882352941,187.535294117647,105.594444444444,179.616666666667,77.5384615384615,108,77.5384615384615,108,61.6363636363636,110.454545454545,23.0454545454545,33.5454545454545,23.3181818181818,34.0909090909091,3.04761904761905,9.52380952380952,3.31818181818182,6.36363636363636,0.595238095238095,"","Lizards"
62919,"Gippsland Water Dragon","Physignathus lesueurii howittii","U","","",0.926818181818182,0.517727272727273,1.86090909090909,0.926818181818182,0.517727272727273,1.95181818181818,0.314090909090909,0.131363636363636,0.786363636363636,0.314090909090909,0.131363636363636,0.786363636363636,"",110.35,161.684210526316,136.266666666667,190.666666666667,135.533333333333,186.8,134.14375,117.258823529412,219,134.15625,105.505882352941,187.535294117647,105.594444444444,179.616666666667,77.5384615384615,108,77.5384615384615,108,61.6363636363636,110.454545454545,23.0454545454545,33.5454545454545,23.3181818181818,34.0909090909091,3.04761904761905,9.52380952380952,3.31818181818182,6.36363636363636,0.595238095238095,"","Lizards"
62934,"Barred wedgesnout ctenotus (group)","Ctenotus schomburgkii GROUP - DELETE TAXON","U","","",0.926818181818182,0.517727272727273,1.86090909090909,0.926818181818182,0.517727272727273,1.95181818181818,0.314090909090909,0.131363636363636,0.786363636363636,0.314090909090909,0.131363636363636,0.786363636363636,"",110.35,161.684210526316,136.266666666667,190.666666666667,135.533333333333,186.8,134.14375,117.258823529412,219,134.15625,105.505882352941,187.535294117647,105.594444444444,179.616666666667,77.5384615384615,108,77.5384615384615,108,61.6363636363636,110.454545454545,23.0454545454545,33.5454545454545,23.3181818181818,34.0909090909091,3.04761904761905,9.52380952380952,3.31818181818182,6.36363636363636,0.595238095238095,"","Lizards"
62941,"Egernia SPOTTED BACK MORPH","Liopholis whitii SPOTTED BACK MORPH","U","","",0.926818181818182,0.517727272727273,1.86090909090909,0.926818181818182,0.517727272727273,1.95181818181818,0.314090909090909,0.131363636363636,0.786363636363636,0.314090909090909,0.131363636363636,0.786363636363636,"",110.35,161.684210526316,136.266666666667,190.666666666667,135.533333333333,186.8,134.14375,117.258823529412,219,134.15625,105.505882352941,187.535294117647,105.594444444444,179.616666666667,77.5384615384615,108,77.5384615384615,108,61.6363636363636,110.454545454545,23.0454545454545,33.5454545454545,23.3181818181818,34.0909090909091,3.04761904761905,9.52380952380952,3.31818181818182,6.36363636363636,0.595238095238095,"","Lizards"
62942,"Egernia PLAIN BACK MORPH","Liopholis whitii PLAIN BACK MORPH","U","","",0.926818181818182,0.517727272727273,1.86090909090909,0.926818181818182,0.517727272727273,1.95181818181818,0.314090909090909,0.131363636363636,0.786363636363636,0.314090909090909,0.131363636363636,0.786363636363636,"",110.35,161.684210526316,136.266666666667,190.666666666667,135.533333333333,186.8,134.14375,117.258823529412,219,134.15625,105.505882352941,187.535294117647,105.594444444444,179.616666666667,77.5384615384615,108,77.5384615384615,108,61.6363636363636,110.454545454545,23.0454545454545,33.5454545454545,23.3181818181818,34.0909090909091,3.04761904761905,9.52380952380952,3.31818181818182,6.36363636363636,0.595238095238095,"","Lizards"
62943,"Egernia HIGHLAND FORM","Liopholis whitii HIGHLAND FORM","U","","",0.926818181818182,0.517727272727273,1.86090909090909,0.926818181818182,0.517727272727273,1.95181818181818,0.314090909090909,0.131363636363636,0.786363636363636,0.314090909090909,0.131363636363636,0.786363636363636,"",110.35,161.684210526316,136.266666666667,190.666666666667,135.533333333333,186.8,134.14375,117.258823529412,219,134.15625,105.505882352941,187.535294117647,105.594444444444,179.616666666667,77.5384615384615,108,77.5384615384615,108,61.6363636363636,110.454545454545,23.0454545454545,33.5454545454545,23.3181818181818,34.0909090909091,3.04761904761905,9.52380952380952,3.31818181818182,6.36363636363636,0.595238095238095,"","Lizards"
63940,"Mountain Dragon (Anglesea form)","Rankinia diemensis (Anglesea form)","U","DD","",0.926818181818182,0.517727272727273,1.86090909090909,0.926818181818182,0.517727272727273,1.95181818181818,0.314090909090909,0.131363636363636,0.786363636363636,0.314090909090909,0.131363636363636,0.786363636363636,"",110.35,161.684210526316,136.266666666667,190.666666666667,135.533333333333,186.8,134.14375,117.258823529412,219,134.15625,105.505882352941,187.535294117647,105.594444444444,179.616666666667,77.5384615384615,108,77.5384615384615,108,61.6363636363636,110.454545454545,23.0454545454545,33.5454545454545,23.3181818181818,34.0909090909091,3.04761904761905,9.52380952380952,3.31818181818182,6.36363636363636,0.595238095238095,"","Lizards"
63941,"Mountain Dragon (Grampians form)","Rankinia diemensis (Grampians form)","U","CE","",0.926818181818182,0.517727272727273,1.86090909090909,0.926818181818182,0.517727272727273,1.95181818181818,0.314090909090909,0.131363636363636,0.786363636363636,0.314090909090909,0.131363636363636,0.786363636363636,"",110.35,161.684210526316,136.266666666667,190.666666666667,135.533333333333,186.8,134.14375,117.258823529412,219,134.15625,105.505882352941,187.535294117647,105.594444444444,179.616666666667,77.5384615384615,108,77.5384615384615,108,61.6363636363636,110.454545454545,23.0454545454545,33.5454545454545,23.3181818181818,34.0909090909091,3.04761904761905,9.52380952380952,3.31818181818182,6.36363636363636,0.595238095238095,"","Lizards"
528538,"Red-eared Slider","Trachemys scripta elegans","U","","",0.926818181818182,0.517727272727273,1.86090909090909,0.926818181818182,0.517727272727273,1.95181818181818,0.314090909090909,0.131363636363636,0.786363636363636,0.314090909090909,0.131363636363636,0.786363636363636,"",110.35,161.684210526316,136.266666666667,190.666666666667,135.533333333333,186.8,134.14375,117.258823529412,219,134.15625,105.505882352941,187.535294117647,105.594444444444,179.616666666667,77.5384615384615,108,77.5384615384615,108,61.6363636363636,110.454545454545,23.0454545454545,33.5454545454545,23.3181818181818,34.0909090909091,3.04761904761905,9.52380952380952,3.31818181818182,6.36363636363636,0.595238095238095,"","Lizards"
12640,"Common Death Adder","Acanthophis antarcticus","L","DD","",1,0.5,5,1,0.5,5,1,0.3,3,1,0.3,3,"CWD/logs/litter",119.166666666667,228.117647058824,300,500,350,600,300,170,400,400,270,600,145.131578947368,276.205263157895,80.5714285714286,136.571428571429,80.5714285714286,138.285714285714,60,180,16,32,16,32,1,15,3,5,1,"Carnivore","LizardsC"
12154,"Southern Legless Lizard","Delma australis","U","","",0.1,0.05,0.5,0.1,0.05,0.5,0.1,0.05,0.5,0.1,0.05,0.5,"Deeplitter",50,84,197.7,361.1,200,368.6,524.4375,332.6,619,499.4375,332.666666666667,597.588888888889,1.5,4,80.5714285714286,136.571428571429,80.5714285714286,138.285714285714,36,60,12,36,24,36,2,2,2,3,0.5,"Carnivore","LizardsC"
12159,"Striped Legless Lizard","Delma impar","L","E","VU",0.1,0.05,0.5,0.1,0.05,0.5,0.1,0.05,0.5,0.1,0.05,0.5,"densegoundlayer",80,120,197.7,361.1,200,368.6,524.4375,332.6,619,499.4375,332.666666666667,597.588888888889,6,12,80.5714285714286,136.571428571429,80.5714285714286,138.285714285714,36,60,12,36,24,36,2,2,2,3,1,"Carnivore","LizardsC"
12283,"Lace Monitor","Varanus varius","U","E","",65,14,127,25,10,50,5,1,7,3,1,5,"LargeTrees",385,765,415,765,385,575,1100,700,1400,800,600,1000,600,1400,144,200,144,200,144,200,36,48,36,48,4,15,3,6,0.5,"Carnivore","LizardsC"
19000,"Nobbi Dragon","Amphibolurus nobbi (moved to Diporiphora nobbi 2011?) ALL SAME TAXON","U","","",0.5,0.1,1,0.5,0.1,1,0.5,0.1,1,0.5,0.1,1,"Malleestems/CWD/",60,90,197.7,361.1,200,368.6,15,12,18,15,12,23,145.131578947368,276.205263157895,80.5714285714286,136.571428571429,80.5714285714286,138.285714285714,36,100,24,36,24,36,4,9,3,4,0.5,"Carnivore","LizardsC"
12141,"Mallee Worm-lizard","Aprasia aurita","L","V","",0.02,0.01,0.05,0.02,0.01,0.05,0.05,0.02,0.1,0.05,0.02,0.1,"sandysubstrates",119.166666666667,228.117647058824,80,108,80,123,524.4375,332.6,619,499.4375,332.666666666667,597.588888888889,1.5,2.5,80.5714285714286,136.571428571429,80.5714285714286,138.285714285714,60,120,24,36,24,36,2,2,3,5,0.75,"Carnivore","LizardsC"
12143,"Pink-nosed Worm-Lizard","Aprasia inaurita","U","","",0.02,0.01,0.05,0.02,0.01,0.05,0.05,0.02,0.1,0.05,0.02,0.1,"sandysubstrates",119.166666666667,228.117647058824,80,118,80,133,1.5,0.9,2,1.5,1,2.7,145.131578947368,276.205263157895,80.5714285714286,136.571428571429,80.5714285714286,138.285714285714,60,120,24,36,24,36,2,2,3,5,0.75,"Carnivore","LizardsC"
12150,"Striped Worm-Lizard","Aprasia striolata","L","NT","",0.02,0.01,0.05,0.02,0.01,0.05,0.05,0.02,0.1,0.05,0.02,0.1,"sandysubstrates",80,130,197.7,361.1,200,368.6,524.4375,332.6,619,499.4375,332.666666666667,597.588888888889,1,2.5,80.5714285714286,136.571428571429,80.5714285714286,138.285714285714,60,120,24,36,24,36,2,2,3,5,0.75,"Carnivore","LizardsC"
12271,"Sand Goanna","Varanus gouldii","U","","",9,5,12,9,5,12,1,0.5,2,1,0.5,2,"Sandysubstrates.Termitemounds.",350,590,350,590,350,590,820,700,900,820,700,900,700,900,120,216,120,216,120,216,36,48,36,48,3,20,3,5,0.5,"Carnivore","LizardsC"
62925,"Sand Goanna Group","Varanus gouldii (group)","U","","",9,5,12,9,5,12,1,0.5,2,1,0.5,2,"Sandysubstrates.Termitemounds.",350,590,350,590,350,590,820,700,900,820,700,900,700,900,120,216,120,216,120,216,36,48,36,48,3,20,3,5,0.5,"Carnivore","LizardsC"
12287,"Rosenberg's Goanna","Varanus rosenbergi","L","E","",20,1.7,43.7,15,2,25,2,1,3,1.5,0.5,2,"Termitemounds",67,470,67,470,67,470,1130,700,1935,1130,700,1935,700,1935,120,216,120,216,120,216,36,48,36,48,10,19,3,5,0.5,"Carnivore","LizardsC"
12167,"Butler's Legless Lizard","Delma butleri","U","","",0.1,0.05,0.5,0.1,0.05,0.5,0.1,0.05,0.5,0.1,0.05,0.5,"Triodiahummocks",80,110,197.7,361.1,200,368.6,524.4375,332.6,619,499.4375,332.666666666667,597.588888888889,5.5,12,80.5714285714286,136.571428571429,80.5714285714286,138.285714285714,36,60,12,36,24,36,2,2,2,3,0.5,"Carnivore","LizardsC"
12185,"Mallee Dragon","Ctenophorus fordi","U","","",0.05,0.01,0.1,0.05,0.01,0.1,0.1,0.05,0.5,0.1,0.05,0.5,"Triodiahummocks",40,53,197.7,361.1,200,368.6,524.4375,332.6,619,499.4375,332.666666666667,597.588888888889,2.5,4.8,12,12,12,24,57.1428571428571,111.428571428571,6,10,6,10,2,4,1,1,0.5,"Carnivore","LizardsC"
12059,"Southern Spiny-tailed Gecko","Strophurus intermedius","U","","",0.05,0.01,0.2,0.05,0.01,0.2,0.1,0.05,0.5,0.1,0.05,0.5,"",119.166666666667,228.117647058824,50,58,55,67,524.4375,3.5,5,499.4375,4,6.6,145.131578947368,276.205263157895,80.5714285714286,136.571428571429,80.5714285714286,138.285714285714,36,96,24,36,24,36,2,4,3,4,0.5,"Carnivore","LizardsC"
12092,"Tree Dtella","Gehyra variegata","U","","",0.1,0.05,0.3,0.1,0.05,0.3,0.05,0.01,0.3,0.05,0.01,0.3,"",40,55,197.7,361.1,200,368.6,524.4375,332.6,619,499.4375,332.666666666667,597.588888888889,3.5,4.3,80.5714285714286,136.571428571429,80.5714285714286,138.285714285714,48,96,36,36,36,36,1,2,3,4,0.5,"Carnivore","LizardsC"
12105,"Bynoe's Gecko","Heteronotia binoei","U","","",0.5,0.1,1,0.5,0.1,1,0.1,0.05,1,0.1,0.05,1,"",40,52,197.7,361.1,200,368.6,524.4375,332.6,619,499.4375,332.666666666667,597.588888888889,2,3.5,80.5714285714286,136.571428571429,80.5714285714286,138.285714285714,36,72,24,36,24,36,2,2,2,4,0.75,"Carnivore","LizardsC"
12109,"Beaded Gecko","Diplodactylus damaeus","U","","",0.5,0.1,1,0.5,0.1,1,0.1,0.05,1,0.1,0.05,1,"",40,60,197.7,361.1,200,368.6,524.4375,332.6,619,499.4375,332.666666666667,597.588888888889,2.5,4.8,80.5714285714286,136.571428571429,80.5714285714286,138.285714285714,36,60,24,36,24,36,2,2,24,36,0.5,"Carnivore","LizardsC"
12137,"Beaked Gecko","Rhynchoedura ornata","L","CE","",0.05,0.01,0.1,0.05,0.01,0.1,0.05,0.02,0.2,0.05,0.02,0.2,"",45,53,197.7,361.1,200,368.6,524.4375,332.6,619,499.4375,332.666666666667,597.588888888889,1.5,2.5,80.5714285714286,136.571428571429,80.5714285714286,138.285714285714,36,60,12,24,12,24,2,2,1,3,1,"Carnivore","LizardsC"
12160,"Olive Legless Lizard","Delma inornata","U","","",0.1,0.05,0.5,0.1,0.05,0.5,0.1,0.05,0.5,0.1,0.05,0.5,"",85,130,197.7,361.1,200,368.6,524.4375,332.6,619,499.4375,332.666666666667,597.588888888889,7,13,80.5714285714286,136.571428571429,80.5714285714286,138.285714285714,36,60,12,36,24,36,2,2,2,3,0.75,"Carnivore","LizardsC"
12182,"Mountain Dragon","Rankinia diemensis","U","","",4.87772727272727,1.22681818181818,9.48863636363636,2.83227272727273,1.05863636363636,5.13863636363636,0.561363636363636,0.188181818181818,1.20909090909091,0.447727272727273,0.165454545454545,1.07272727272727,"",119.166666666667,228.117647058824,50,67,50,82,524.4375,332.6,619,499.4375,332.666666666667,597.588888888889,6,15,80.5714285714286,136.571428571429,80.5714285714286,138.285714285714,36,120,12,36,12,36,2,7,1,3,0.75,"Carnivore","LizardsC"
12199,"Painted Dragon","Ctenophorus pictus","U","","",0.1,0.05,0.2,0.1,0.05,0.2,0.2,0.1,1,0.2,0.1,1,"",50,70,197.7,361.1,200,368.6,524.4375,332.6,619,499.4375,332.666666666667,597.588888888889,5,12,12,24,12,24,57.1428571428571,111.428571428571,6,10,6,10,2,4,1,1,0.75,"Carnivore","LizardsC"
12996,"Dwyer's/Mitchell's snake","Parasuta dwyeri/nigriceps","U","","",0.5,0.03,1,0.5,0.03,1,0.5,0.1,0.8,0.5,0.1,0.8,"",233,456,235,345,233,456,9,7,11,9,7,11,7,11,36,72,36,72,36,72,12,12,12,12,1,7,2,4,0.5,"Carnivore","LizardsC"
62921,"Southern Lined Earless Dragon","Tympanocryptis lineata lineata","L","CE","",0.5,0.1,2,0.5,0.1,2,0.1,0.05,1,0.1,0.05,1,"",70,228.117647058824,197.7,361.1,200,368.6,524.4375,332.6,619,499.4375,332.666666666667,597.588888888889,5,9,80.5714285714286,136.571428571429,80.5714285714286,138.285714285714,12,36,9,12,9,12,3,5,1,2,0.75,"Carnivore","LizardsC"
12444,"McCoy's Skink","Anepischetos maccoyi","U","","",0.01,0.005,0.02,0.01,0.005,0.02,0.02,0.01,0.05,0.02,0.01,0.05,"CWD/logs/litter",45,65,45,65,45,65,1.5,1.3,1.7,1.5,1.3,1.7,1.3,1.7,36,48,36,48,36,48,18,24,18,24,2,9,1,4,0.5,"Invertivore","Skinks"
12407,"Swamp Skink","Lissolepis coventryi","L","V","",0.01,0.005,0.05,0.01,0.005,0.05,0.02,0.01,0.1,0.02,0.01,0.1,"densegoundlayer",72,98,51.2916666666667,74.1666666666667,52,74.7916666666667,19.5291666666667,15.98125,22.4291666666667,19.5416666666667,16.0270833333333,22.4416666666667,10,18,58,84,58,84,36,120,24,36,36,36,1,4,2,4,0.75,"Carnivore/Omnivore","Skinks"
12519,"Grey's Skink","Menetia greyii","U","","",0.02,0.01,0.05,0.02,0.01,0.05,0.03,0.02,0.1,0.03,0.02,0.1,"sandysubstrates",25,38,25,38,25,38,0.4,0.35,0.5,0.4,0.35,0.5,0.35,0.5,36,48,36,48,36,48,9,12,9,12,1,3,1,2,0.5,"Invertivore","Skinks"
12458,"Coventry's Skink","Niveoscincus coventryi","U","","",0.04,0.02,0.06,0.04,0.02,0.06,0.05,0.02,0.1,0.05,0.02,0.1,"CWD",38,54,38,54,38,50,1.4,1.2,1.6,1.4,1.2,1.6,1.4,1.6,60,84,60,84,60,84,12,18,12,18,1,4,2,4,0.5,"Invertivore","Skinks"
12429,"Tree Skink","Egernia striolata","U","","",0.05,0.02,0.07,0.05,0.02,0.07,0.05,0.03,0.1,0.05,0.03,0.1,"LargeTrees",90,120,90,120,90,120,45,35,50,45,35,50,35,50,72,96,72,96,72,96,18,24,18,24,2,6,1,3,0.5,"Invertivore","Skinks"
12682,"Eastern Three-lined Skink","Acritoscincus duperreyi","U","","",0.02,0.01,0.04,0.02,0.01,0.04,0.05,0.02,0.1,0.05,0.02,0.1,"CWD",50,70,50,70,50,70,3,2.5,3.2,3,2.5,3.2,2.5,3.2,36,48,36,48,36,48,18,24,18,24,3,10,1,4,0.5,"Invertivore","Skinks"
12445,"Millewa Skink","Hemiergis millewae","L","CE","",0.02,0.01,0.05,0.02,0.01,0.05,0.03,0.02,0.1,0.03,0.02,0.1,"Malleestems/CWD/",45,60,45,55,50,60,1.5,1.3,1.7,1.6,1.5,1.8,1.3,1.8,60,84,60,84,60,84,18,24,18,24,2,2,1,4,0.75,"Invertivore","Skinks"
12441,"Three-toed Skink","Hemiergis decresiensis","U","","",0.01,0.005,0.02,0.01,0.005,0.02,0.03,0.02,0.01,0.03,0.02,0.01,"CWD/logs/litter",40,60,40,60,40,60,1.6,1.3,1.8,1.6,1.3,1.8,1.3,1.8,60,84,60,84,60,84,18,24,18,24,1,8,1,4,0.5,"Invertivore","Skinks"
12408,"Cunningham's Skink","Egernia cunninghami","U","","",0.03,0.01,0.05,0.03,0.01,0.05,0.05,0.03,0.07,0.05,0.03,0.07,"Rockoutcrops/largelogsorstags",150,250,150,250,150,250,300,240,350,300,240,350,240,350,120,240,120,240,120,240,60,60,60,60,1,11,5,10,0.5,"Herbivore","Skinks"
62938,"Black Rock Skink","Egernia saxatilis intermedia","U","","",0.05,0.02,0.07,0.05,0.02,0.07,0.05,0.03,0.1,0.05,0.03,0.1,"Rockoutcrops/largelogsorstags",90,125,90,125,90,125,45,40,50,45,40,50,40,50,72,96,72,96,72,96,18,24,18,24,1,4,1,3,0.5,"Invertivore","Skinks"
62939,"Black Rock Skink Group","Egernia saxatilis (group)","U","","",0.05,0.02,0.07,0.05,0.02,0.07,0.05,0.03,0.1,0.05,0.03,0.1,"Rockoutcrops/largelogsorstags",90,125,90,125,90,125,45,40,50,45,40,50,40,50,72,96,72,96,72,96,18,24,18,24,1,4,1,3,0.5,"Invertivore","Skinks"
12452,"Weasel Skink","Saproscincus mustelinus","U","","",0.03,0.02,0.04,0.03,0.02,0.04,0.03,0.02,0.05,0.03,0.02,0.05,"CWD/logs/litter",39,62,39,62,39,62,1.2,1,1.5,1.2,1,1.5,1,1.5,48,72,48,72,48,72,12,18,12,18,2,9,2,2,0.5,"Invertivore","Skinks"
12446,"Four-toed Skink","Hemiergis peronii","U","NT","",0.02,0.01,0.05,0.02,0.01,0.05,0.03,0.02,0.1,0.03,0.02,0.1,"Sandysubstrates",55,70,55,70,55,70,3.8,3.5,4,3.5,4,3.5,4,3.5,60,84,60,84,60,84,18,24,18,24,2,4,1,4,0.5,"Invertivore","Skinks"
12475,"Bougainville's Skink","Lerista bougainvillii","U","","",0.03,0.02,0.04,0.03,0.02,0.04,0.04,0.02,0.08,0.04,0.02,0.08,"sandysubstrates",50,75,50,70,55,75,1.6,1.3,1.6,1.7,1.4,1.9,1.3,1.9,60,84,60,84,60,84,12,18,12,18,1,4,1,3,0.5,"Invertivore","Skinks"
12541,"Spencer's Skink","Pseudemoia spenceri","U","","",0.03,0.02,0.04,0.03,0.02,0.04,0.04,0.02,0.08,0.04,0.02,0.08,"CWD",52,63,52,63,52,63,1.7,1.5,2,1.7,1.5,2,1.5,2,60,84,60,84,60,84,12,18,12,18,1,4,2,4,0.5,"Invertivore","Skinks"
12326,"Carnaby's Wall Skink","Cryptoblepharus pannosus","U","","",0.02,0.01,0.04,0.02,0.01,0.04,0.05,0.03,0.1,0.05,0.03,0.1,"CWD",30,46,30,46,32,46,1.7,1.5,1.9,1.7,1.5,1.9,1.5,1.9,24,48,24,48,24,48,18,24,18,24,1,2,1,3,0.5,"Invertivore","Skinks"
12318,"Southern Rainbow Skink","Carlia tetradactyla","U","","",0.02,0.01,0.04,0.02,0.01,0.04,0.05,0.02,0.1,0.05,0.02,0.1,"",45,60,45,60,45,60,3,2.5,3.5,3,2.5,3.5,2.5,3.5,36,48,36,48,36,48,18,24,18,24,2,4,1,3,0.5,"Invertivore","Skinks"
12413,"Desert Skink","Liopholis inornata","U","","",0.02,0.01,0.05,0.02,0.01,0.05,0.1,0.02,0.3,0.1,0.02,0.3,"",69,80,51.2916666666667,74.1666666666667,52,74.7916666666667,19.5291666666667,15.98125,22.4291666666667,19.5416666666667,16.0270833333333,22.4416666666667,9,15.5,58,84,58,84,36,48,24,36,24,36,1,4,2,3,0.5,"Carnivore/Omnivore","Skinks"
12420,"Heath Skink","Liopholis multiscutata","L","CE","",0.02,0.01,0.05,0.02,0.01,0.05,0.1,0.02,0.3,0.1,0.02,0.3,"",60,80,51.2916666666667,74.1666666666667,52,74.7916666666667,19.5291666666667,15.98125,22.4291666666667,19.5416666666667,16.0270833333333,22.4416666666667,9,15.5,58,84,58,84,36,48,24,36,24,36,1,3,2,3,0.75,"Carnivore/Omnivore","Skinks"
12432,"Guthega Skink","Liopholis guthega","L","CE","EN",0.01,0.005,0.03,0.01,0.005,0.03,0.05,0.01,0.3,0.05,0.01,0.3,"",60,85,51.2916666666667,74.1666666666667,52,74.7916666666667,19.5291666666667,15.98125,22.4291666666667,19.5416666666667,16.0270833333333,22.4416666666667,10,18,58,84,58,84,26,72,24,26,24,36,1,2,2,4,0.75,"Carnivore/Omnivore","Skinks"
12433,"Mountain Skink","Liopholis montana","U","DD","",0.01,0.005,0.03,0.01,0.005,0.03,0.05,0.01,0.3,0.05,0.01,0.3,"",60,80,51.2916666666667,74.1666666666667,52,74.7916666666667,19.5291666666667,15.98125,22.4291666666667,19.5416666666667,16.0270833333333,22.4416666666667,9,15.5,58,84,58,84,36,60,24,36,24,36,1,4,2,4,0.75,"Carnivore/Omnivore","Skinks"
12450,"Delicate Skink","Lampropholis delicata","U","","",0.04,0.02,0.06,0.04,0.02,0.06,0.05,0.02,0.1,0.05,0.02,0.1,"",34,55,34,55,34,55,1.2,1,1.5,1.2,1,1.5,1,1.5,60,84,60,84,60,84,12,18,12,18,1,8,1,2,0.5,"Invertivore","Skinks"
12451,"Garden Skink","Lampropholis guichenoti","U","","",0.04,0.02,0.06,0.04,0.02,0.06,0.05,0.02,0.1,0.05,0.02,0.1,"",34,55,34,55,34,55,1.2,1,1.5,1.2,1,1.5,1,1.5,60,84,60,84,60,84,12,18,12,18,1,5,1,2,0.5,"Invertivore","Skinks"
12462,"Metallic Skink","Niveoscincus metallicus","U","","",0.04,0.02,0.06,0.04,0.02,0.06,0.05,0.02,0.1,0.05,0.02,0.1,"",42,65,42,65,42,65,1.5,1.3,1.6,1.7,1.4,1.9,1.3,1.9,60,84,60,84,60,84,12,18,12,18,1,8,2,4,0.5,"Invertivore","Skinks"
12526,"Boulenger's Skink","Morethia boulengeri","U","","",0.04,0.02,0.06,0.04,0.02,0.06,0.05,0.02,0.1,0.05,0.02,0.1,"",38,50,38,50,38,50,1.5,1.2,1.7,1.5,1.2,1.7,1.2,1.7,60,84,60,84,60,84,9,12,9,12,2,6,1,2,0.5,"Invertivore","Skinks"
12529,"Obscure Skink","Morethia obscura","U","","",0.04,0.02,0.06,0.04,0.02,0.06,0.05,0.02,0.1,0.05,0.02,0.1,"",38,50,38,50,38,50,1.5,1.2,1.7,1.5,1.2,1.7,1.2,1.7,60,84,60,84,60,84,9,12,9,12,1,5,1,2,0.5,"Invertivore","Skinks"
12993,"Tussock Skink","Pseudemoia pagenstecheri","U","V","",0.04,0.02,0.06,0.04,0.02,0.06,0.05,0.02,0.1,0.05,0.02,0.1,"",39,62,39,59,40,62,1.6,1.3,1.9,1.6,1.3,1.9,1.3,1.9,60,84,60,84,60,84,12,18,12,18,1,3,2,4,0.5,"Invertivore","Skinks"
12994,"Southern Grass Skink","Pseudemoia entrecasteauxii","U","","",0.04,0.02,0.06,0.04,0.02,0.06,0.05,0.02,0.1,0.05,0.02,0.1,"",38,64,38,58,42,64,1.6,1.3,1.9,1.8,1.5,2,1.6,2,60,84,60,84,60,84,12,18,12,18,2,8,2,4,0.5,"Invertivore","Skinks"
19006,"Delicate Skink (Little Desert Form)","Lampropholis delicata (Little Desert)","U","DD","",0.04,0.02,0.06,0.04,0.02,0.06,0.05,0.02,0.1,0.05,0.02,0.1,"",34,55,34,55,34,55,1.2,1,1.5,1.2,1,1.5,1,1.5,60,84,60,84,60,84,12,18,12,18,1,8,1,2,0.5,"Invertivore","Skinks"
62430,"White's Skink","Liopholis whitti (sensu stricto)  NEED TO INCLUDE THIS TAXON","U","","",0.01,0.005,0.03,0.01,0.005,0.03,0.05,0.01,0.3,0.05,0.01,0.3,"",60,80,51.2916666666667,74.1666666666667,52,74.7916666666667,19.5291666666667,15.98125,22.4291666666667,19.5416666666667,16.0270833333333,22.4416666666667,9,15.8,58,84,58,84,36,48,24,36,24,36,1,5,2,3,0.5,"Carnivore/Omnivore","Skinks"
12987,"Alpine She-oak Skink","Cyclodomorphus praealtus","L","CE","EN",0.05,0.02,0.2,0.05,0.02,0.2,0.1,0.05,0.2,0.1,0.05,0.2,"densegoundlayer",81,119,43,65,52,80,153.901939655172,108.598599137931,199.923060344828,148.701939655172,104.928843390805,259.034101174345,8,18,62.7021599090565,98.4581280788177,62.7021599090565,98.7980295566502,72,150,24,48,24,48,2,9,3,5,0.75,"Carnivore","SkinksC"
62956,"Southern Water Skink","Eulamprus tympanum tympanum","U","","",0.02,0.01,0.1,0.02,0.01,0.1,0.02,0.01,0.2,0.02,0.01,0.2,"CWD",75,100,43,65,52,80,153.901939655172,108.598599137931,199.923060344828,148.701939655172,104.928843390805,259.034101174345,15,25,62.7021599090565,98.4581280788177,62.7021599090565,98.7980295566502,72,170,16.7368421052632,32.5263157894737,19.8947368421053,32.4210526315789,2.10526315789474,6.31578947368421,3,4,0.5,"Carnivore","SkinksC"
62958,"Corangamite Water Skink","Eulamprus tympanum marnieae","L","CE","EN",0.01,0.005,0.05,0.01,0.005,0.05,0.01,0.005,0.1,0.01,0.005,0.1,"Rockoutcrops/largelogsorstags",75,100,43,65,52,80,153.901939655172,108.598599137931,199.923060344828,148.701939655172,104.928843390805,259.034101174345,15,25,62.7021599090565,98.4581280788177,62.7021599090565,98.7980295566502,72,120,24,36,24,36,2,7,3,4,0.75,"Carnivore","SkinksC"
12386,"Copper-tailed Skink","Ctenotus taeniolatus","U","","",0.05,0.02,0.2,0.05,0.02,0.2,0.1,0.05,0.3,0.1,0.05,0.3,"Rockoutcrops/largelogsorstags",43,80,43,65,52,80,153.901939655172,108.598599137931,199.923060344828,148.701939655172,104.928843390805,259.034101174345,4,8,62.7021599090565,98.4581280788177,62.7021599090565,98.7980295566502,36,72,12,24,12,24,2,7,2,3,0.5,"Carnivore","SkinksC"
12525,"Samphire Skink","Morethia adelaidensis","L","E","",0.05,0.02,0.08,0.05,0.02,0.08,0.05,0.02,0.2,0.05,0.02,0.2,"Samphire",40,52,43,65,52,80,153.901939655172,108.598599137931,199.923060344828,148.701939655172,104.928843390805,259.034101174345,1.6,2.2,62.7021599090565,98.4581280788177,62.7021599090565,98.7980295566502,48,84,12,24,12,24,2,6,1,2,0.5,"Carnivore","SkinksC"
12988,"Eastern She-oak Skink","Cyclodomorphus michaeli","L","NT","",0.05,0.02,0.2,0.05,0.02,0.2,0.1,0.05,0.4,0.1,0.05,0.4,"densegoundlayer",101,175,43,65,52,80,153.901939655172,108.598599137931,199.923060344828,148.701939655172,104.928843390805,259.034101174345,8,25,62.7021599090565,98.4581280788177,62.7021599090565,98.7980295566502,60,120,24,36,24,36,4,16,2,3,0.75,"Carnivore","SkinksC"
12342,"Murray Striped Skink","Ctenotus brachyonyx NOW CTENOTUS INORNATA","U","","",0.05,0.02,0.2,0.05,0.02,0.2,0.1,0.05,0.3,0.1,0.05,0.3,"Triodiahummocks",50,85,43,65,52,80,153.901939655172,108.598599137931,199.923060344828,148.701939655172,104.928843390805,259.034101174345,6,15,62.7021599090565,98.4581280788177,62.7021599090565,98.7980295566502,48,72,12,36,24,36,2,6,2,3,0.75,"Carnivore","SkinksC"
12374,"Regal Striped Skink","Ctenotus regius","U","","",0.05,0.02,0.4,0.05,0.02,0.4,0.1,0.05,0.5,0.1,0.05,0.5,"",50,76,43,65,52,80,153.901939655172,108.598599137931,199.923060344828,148.701939655172,104.928843390805,259.034101174345,4,7.5,62.7021599090565,98.4581280788177,62.7021599090565,98.7980295566502,48,72,12,36,24,36,2,4,2,3,0.5,"Carnivore","SkinksC"
12375,"Large Striped Skink","Ctenotus robustus NOW CTENOTUS SPALDINGI","U","","",0.05,0.02,0.2,0.05,0.02,0.2,0.1,0.05,0.3,0.1,0.05,0.3,"",72,100,43,65,52,80,153.901939655172,108.598599137931,199.923060344828,148.701939655172,104.928843390805,259.034101174345,11,20,62.7021599090565,98.4581280788177,62.7021599090565,98.7980295566502,48,72,12,36,24,36,3,9,2,3,0.5,"Carnivore","SkinksC"
12464,"Red-throated Skink","Acritoscincus platynotum","U","","",0.02,0.01,0.05,0.02,0.01,0.05,0.05,0.01,0.1,0.05,0.01,0.1,"",55,80,43,65,52,80,153.901939655172,108.598599137931,199.923060344828,148.701939655172,104.928843390805,259.034101174345,2.5,4,62.7021599090565,98.4581280788177,62.7021599090565,98.7980295566502,36,60,18,24,18,24,3,9,2,4,0.5,"Carnivore","SkinksC"
12492,"Dwarf Burrowing Skink","Lerista timida","L","E","",0.02,0.01,0.05,0.02,0.01,0.05,0.03,0.02,0.1,0.03,0.02,0.1,"",35,45,43,65,52,80,153.901939655172,108.598599137931,199.923060344828,148.701939655172,104.928843390805,259.034101174345,0.8,1.5,62.7021599090565,98.4581280788177,62.7021599090565,98.7980295566502,24,48,12,24,12,24,1,2,1,3,0.75,"Carnivore","SkinksC"
12499,"Spotted Burrowing Skink","Lerista punctatovittata","U","","",0.03,0.01,0.1,0.03,0.01,0.1,0.05,0.03,0.2,0.05,0.03,0.2,"",65,100,43,65,52,80,153.901939655172,108.598599137931,199.923060344828,148.701939655172,104.928843390805,259.034101174345,4,5.2,62.7021599090565,98.4581280788177,62.7021599090565,98.7980295566502,36,60,24,36,24,36,2,4,2,4,0.5,"Carnivore","SkinksC"
12550,"Alpine Water Skink","Eulamprus kosciuskoi","L","CE","",0.02,0.01,0.1,0.02,0.01,0.1,0.02,0.01,0.2,0.02,0.01,0.2,"",58,76,43,65,52,80,153.901939655172,108.598599137931,199.923060344828,148.701939655172,104.928843390805,259.034101174345,12,20,62.7021599090565,98.4581280788177,62.7021599090565,98.7980295566502,72,120,24,48,24,48,1,5,3,5,0.75,"Carnivore","SkinksC"
12557,"Eastern Water Skink","Eulamprus quoyii","U","NT","",0.02,0.01,0.1,0.02,0.01,0.1,0.02,0.01,0.2,0.02,0.01,0.2,"",86,110,43,65,52,80,153.901939655172,108.598599137931,199.923060344828,148.701939655172,104.928843390805,259.034101174345,15,30,62.7021599090565,98.4581280788177,62.7021599090565,98.7980295566502,72,120,24,36,24,36,2,7,3,4,0.5,"Carnivore","SkinksC"
12683,"Glossy Grass Skink","Pseudemoia rawlinsoni","U","V","",0.04,0.02,0.06,0.04,0.02,0.06,0.05,0.02,0.1,0.05,0.02,0.1,"",45,63,43,65,52,80,153.901939655172,108.598599137931,199.923060344828,148.701939655172,104.928843390805,259.034101174345,1.5,3,62.7021599090565,98.4581280788177,62.7021599090565,98.7980295566502,48,72,12,18,12,16,3,8,2,4,0.75,"Carnivore","SkinksC"
12936,"Eastern Striped Skink","Ctenotus orientalis","U","","",0.05,0.02,0.4,0.05,0.02,0.4,0.1,0.05,0.5,0.1,0.05,0.5,"",50,75,43,65,52,80,153.901939655172,108.598599137931,199.923060344828,148.701939655172,104.928843390805,259.034101174345,5.5,10,62.7021599090565,98.4581280788177,62.7021599090565,98.7980295566502,48,72,12,36,24,36,2,4,2,3,0.5,"Carnivore","SkinksC"
12957,"Yellow-bellied Water Skink","Eulamprus heatwolei","U","","",0.02,0.01,0.1,0.02,0.01,0.1,0.02,0.01,0.2,0.02,0.01,0.2,"",78,98,43,65,52,80,153.901939655172,108.598599137931,199.923060344828,148.701939655172,104.928843390805,259.034101174345,14,22,62.7021599090565,98.4581280788177,62.7021599090565,98.7980295566502,72,120,24,36,24,36,2,5,23,4,0.5,"Carnivore","SkinksC"
12992,"Alpine Bog Skink","Pseudemoia cryodroma","L","E","",0.04,0.02,0.06,0.04,0.02,0.06,0.05,0.02,0.1,0.05,0.02,0.1,"",45,60,43,65,52,80,153.901939655172,108.598599137931,199.923060344828,148.701939655172,104.928843390805,259.034101174345,1.5,3,62.7021599090565,98.4581280788177,62.7021599090565,98.7980295566502,48,72,12,24,12,24,2,5,2,4,0.75,"Carnivore","SkinksC"
19008,"Saltbush Striped Skink","Ctenotus olympicus","U","CE","",0.05,0.02,0.4,0.05,0.02,0.4,0.1,0.05,0.5,0.1,0.05,0.5,"",50,75,43,65,52,80,153.901939655172,108.598599137931,199.923060344828,148.701939655172,104.928843390805,259.034101174345,5.5,10,62.7021599090565,98.4581280788177,62.7021599090565,98.7980295566502,48,72,12,36,24,36,2,4,2,3,0.75,"Carnivore","SkinksC"
62933,"Brooks's Striped Skink","Ctenotus taeniatus","U","","",0.02,0.01,0.08,0.02,0.01,0.08,0.05,0.01,0.2,0.05,0.01,0.2,"",40,50,43,65,52,80,153.901939655172,108.598599137931,199.923060344828,148.701939655172,104.928843390805,259.034101174345,1.4,2.8,62.7021599090565,98.4581280788177,62.7021599090565,98.7980295566502,36,60,12,24,12,24,1,3,2,3,0.75,"Carnivore","SkinksC"
12669,"Red-naped Snake","Furina diadema","L","V","",0.1,0.05,0.3,0.1,0.05,0.3,0.05,0.01,0.3,0.05,0.01,0.3,"Deeplitter",30,40,338.8,714,343.2,632.6,22.2,16.6,28.8,21.2,15.6,26.8,4,9,36,72,36,72,30,48,12,12,12,12,1,7,1,2,0.75,"Carnivore","Snakes"
62968,"Diamond Python","Morelia spilota spilota","L","E","",25,5,100,20,5,50,1,0.5,3,1,0.5,2,"CWD",1500,1900,338.8,714,343.2,632.6,22.2,16.6,28.8,21.2,15.6,26.8,2000,4000,36,72,36,72,60,200,36,48,36,48,5,15,3,5,0.75,"Carnivore","Snakes"
62969,"Carpet Python","Morelia spilota metcalfei","L","E","",25,5,200,20,5,100,1,0.5,3,1,0.5,2,"CWD",1500,1900,338.8,714,343.2,632.6,22.2,16.6,28.8,21.2,15.6,26.8,2000,4000,36,72,36,72,60,200,36,48,36,48,5,15,3,5,0.75,"Carnivore","Snakes"
12170,"Burton's Snake-Lizard","Lialis burtonis","U","","",0.5,0.2,1,0.5,0.2,1,0.2,0.05,0.5,0.2,0.05,0.5,"",150,250,338.8,714,343.2,632.6,22.2,16.6,28.8,21.2,15.6,26.8,12,24,36,72,36,72,48,120,24,36,36,36,2,2,3,4,0.5,"Carnivore","Snakes"
12586,"West Australian Dark-spined Blind Snake","Ramphotyphlops bicolor","U","","",0.1,0.02,0.5,0.1,0.02,0.5,0.1,0.05,0.5,0.1,0.05,0.5,"",210,450,338.8,714,343.2,632.6,22.2,16.6,28.8,21.2,15.6,26.8,7,19,36,72,36,72,60,120,24,48,24,48,2,11,3,5,0.75,"Carnivore","Snakes"
12588,"Peters's Blind Snake","Ramphotyphlops bituberculatus","U","","",0.1,0.02,0.5,0.1,0.02,0.5,0.1,0.05,0.5,0.1,0.05,0.5,"",190,400,338.8,714,343.2,632.6,22.2,16.6,28.8,21.2,15.6,26.8,3,12,36,72,36,72,60,120,24,36,24,36,2,9,2,4,0.5,"Carnivore","Snakes"
12599,"Gray's Blind Snake","Ramphotyphlops nigrescens","U","","",0.1,0.02,0.5,0.1,0.02,0.5,0.1,0.05,0.5,0.1,0.05,0.5,"",200,600,338.8,714,343.2,632.6,22.2,16.6,28.8,21.2,15.6,26.8,10,30,36,72,36,72,60,120,24,48,24,48,5,20,3,5,0.75,"Carnivore","Snakes"
12603,"Woodland Blind Snake","Ramphotyphlops proximus","U","NT","",0.1,0.02,0.5,0.1,0.02,0.5,0.1,0.05,0.5,0.1,0.05,0.5,"",200,650,338.8,714,343.2,632.6,22.2,16.6,28.8,21.2,15.6,26.8,10,35,36,72,36,72,60,120,24,48,24,48,3,34,3,5,0.75,"Carnivore","Snakes"
12650,"Eastern Small-eyed Snake","Rhinoplocephalus nigrescens","U","","",0.5,0.03,1,0.5,0.03,1,0.5,0.1,0.8,0.5,0.1,0.8,"",300,500,338.8,714,343.2,632.6,22.2,16.6,28.8,21.2,15.6,26.8,12,20,36,72,36,72,36,72,24,36,24,36,1,7,2,4,0.5,"Carnivore","Snakes"
12655,"Yellow-faced Whip Snake","Demansia psammophis","U","NT","",2,0.5,3,2,0.5,3,0.5,0.1,1,0.5,0.1,1,"",550,800,338.8,714,343.2,632.6,22.2,16.6,28.8,21.2,15.6,26.8,15,30,36,72,36,72,48,120,18,24,18,36,3,9,24,48,0.75,"Carnivore","Snakes"
12665,"White-lipped Snake","Drysdalia coronoides","U","","",0.5,0.03,1,0.5,0.03,1,0.5,0.1,1,0.5,0.1,1,"",300,500,338.8,714,343.2,632.6,22.2,16.6,28.8,21.2,15.6,26.8,8,20,36,72,36,72,48,84,18,24,18,24,2,10,24,36,0.5,"Carnivore","Snakes"
12666,"Masters' Snake","Drysdalia mastersii","L","E","",0.2,0.05,1,0.2,0.05,1,0.2,0.05,0.5,0.2,0.05,0.5,"",200,300,338.8,714,343.2,632.6,22.2,16.6,28.8,21.2,15.6,26.8,5,9,36,72,36,72,48,84,18,24,18,24,2,3,24,36,0.75,"Carnivore","Snakes"
12667,"Bardick","Echiopsis curta","L","V","",0.2,0.05,1,0.2,0.05,1,0.5,0.1,1,0.5,0.1,1,"",300,500,338.8,714,343.2,632.6,22.2,16.6,28.8,21.2,15.6,26.8,15,35,36,72,36,72,48,120,18,24,18,36,3,14,24,36,0.75,"Carnivore","Snakes"
12681,"Tiger Snake","Notechis scutatus","U","","",5,1,50,3,1,30,1,0.1,2,0.5,0.1,2,"",404.181818181818,781.260869565217,655,1780,695,1100,22.2,16.6,28.8,21.2,15.6,26.8,400,800,36,72,36,72,48,150,20,32,24,36,11,37,2,3,0.5,"Carnivore","Snakes"
12689,"Small-scaled Snake","Oxyuranus microlepidota NOT CURRENTLY EXTANT IN VICTORIA - DELETE?","U","EXR","",3.23888888888889,0.787037037037037,19.9444444444444,2.72037037037037,0.787037037037037,11.4259259259259,0.668518518518519,0.170740740740741,1.5962962962963,0.631481481481482,0.170740740740741,1.52222222222222,"",404.181818181818,781.260869565217,338.8,714,343.2,632.6,22.2,16.6,28.8,21.2,15.6,26.8,218.074074074074,472.259259259259,36,72,36,72,49.5555555555556,108.814814814815,20.3333333333333,29.5925925925926,22.7777777777778,34.037037037037,3.7037037037037,15,6.48148148148148,10.962962962963,0.634615384615385,"","Snakes"
12693,"Red-bellied Black Snake","Pseudechis porphyriacus","U","","",5,1,50,3,1,30,1,0.1,2,0.5,0.1,2,"",720,1440,338.8,714,343.2,632.6,22.2,16.6,28.8,21.2,15.6,26.8,350,700,36,72,36,72,60,84,19,21,31,43,5,18,3,4,0.75,"Carnivore","Snakes"
12698,"Patch-nosed Brown Snake","Pseudonaja aspidorhyncha","U","NT","",5,2,30,5,2,20,2,0.5,5,2,0.5,5,"",400,1400,338.8,714,343.2,632.6,22.2,16.6,28.8,21.2,15.6,26.8,100,400,36,72,36,72,60,120,12,24,24,48,9,38,3,4,0.75,"Carnivore","Snakes"
12699,"Eastern Brown Snake","Pseudonaja textilis","U","","",5,2,30,5,2,20,2,0.5,5,2,0.5,5,"",560,1900,338.8,714,343.2,632.6,22.2,16.6,28.8,21.2,15.6,26.8,200,700,36,72,36,72,60,120,12,24,24,48,6,30,3,4,0.25,"Carnivore","Snakes"
12711,"Coral Snake","Simoselaps brachyurophis australis","U","","",0.05,0.01,0.2,0.05,0.01,0.2,0.1,0.05,0.5,0.1,0.05,0.5,"",404.181818181818,781.260869565217,170,290,195,337,22.2,16.6,28.8,21.2,15.6,26.8,12,21,36,72,36,72,60,96,24,36,24,36,4,6,3,4,0.75,"Carnivore","Snakes"
12722,"Curl Snake","Suta suta","U","","",0.5,0.03,1,0.5,0.03,1,0.5,0.1,0.8,0.5,0.1,0.8,"",350,600,253,760,260,565,75,55,100,70,50,90,50,100,36,72,36,72,36,72,36,48,36,48,2,7,3,5,0.5,"Carnivore","Snakes"
12724,"Mitchell's Short-tailed Snake","Parasuta nigriceps","U","","",0.5,0.03,1,0.5,0.03,1,0.5,0.1,0.8,0.5,0.1,0.8,"",233,456,235,345,233,456,9,7,11,9,7,11,7,11,36,72,36,72,36,72,12,12,12,12,1,7,2,4,0.5,"Carnivore","Snakes"
12726,"Dwyer's Snake","Parasuta dwyeri","U","","",0.5,0.03,1,0.5,0.03,1,0.5,0.1,0.8,0.5,0.1,0.8,"",233,456,235,345,233,456,9,7,11,9,7,11,7,11,36,72,36,72,36,72,12,12,12,12,2,7,2,4,0.5,"Carnivore","Snakes"
12727,"Little Whip Snake","Parasuta flagellum","U","","",0.5,0.03,1,0.5,0.03,1,0.5,0.1,0.8,0.5,0.1,0.8,"",233,456,235,345,233,456,9,7,11,9,7,11,7,11,36,72,36,72,36,72,12,12,12,12,2,7,2,4,0.634615384615385,"Carnivore","Snakes"
12734,"Bandy Bandy","Vermicella annulata","L","V","",0.3,0.05,2,0.3,0.05,2,0.1,0.05,0.5,0.1,0.05,0.5,"",404.181818181818,781.260869565217,450,600,450,700,22.2,16.6,28.8,21.2,15.6,26.8,30,60,36,72,36,72,60,120,36,48,36,48,2,13,3,5,0.75,"Carnivore","Snakes"
12770,"Yellow-bellied Sea Snake","Pelamis platurus","U","","",3.23888888888889,0.787037037037037,19.9444444444444,2.72037037037037,0.787037037037037,11.4259259259259,0.668518518518519,0.170740740740741,1.5962962962963,0.631481481481482,0.170740740740741,1.52222222222222,"",404.181818181818,781.260869565217,338.8,714,343.2,632.6,22.2,16.6,28.8,21.2,15.6,26.8,218.074074074074,472.259259259259,36,72,36,72,49.5555555555556,108.814814814815,20.3333333333333,29.5925925925926,22.7777777777778,34.037037037037,3.7037037037037,15,6.48148148148148,10.962962962963,0.634615384615385,"","Snakes"
12813,"Port Lincoln Snake","Parasuta spectabilis","L","V","",0.5,0.03,1,0.5,0.03,1,0.5,0.1,0.8,0.5,0.1,0.8,"",233,456,235,345,233,456,9,7,11,9,7,11,7,11,36,72,36,72,36,72,12,12,12,12,2,7,2,4,0.5,"Carnivore","Snakes"
12972,"Highland Copperhead","Austrelaps ramsayi","U","","",5,2,30,5,2,20,2,0.5,5,2,0.5,5,"",404.181818181818,781.260869565217,450,1030,460,800,22.2,16.6,28.8,21.2,15.6,26.8,300,600,36,72,36,72,48,120,12,19,19,24,9,31,2,4,0.75,"Carnivore","Snakes"
12973,"Lowland Copperhead","Austrelaps superbus","U","","",5,2,30,5,2,20,2,0.5,5,2,0.5,5,"",404.181818181818,1515,470,1300,440,1000,22.2,16.6,28.8,21.2,15.6,26.8,300,1050,36,72,36,72,48,120,12,19,19,24,6,32,2,4,0.5,"Carnivore","Snakes"
19001,"De Vis' Banded Snake","Denisonia devisi","U","CE","",0.2,0.05,1,0.2,0.05,1,0.5,0.1,1,0.5,0.1,1,"",300,500,338.8,714,343.2,632.6,22.2,16.6,28.8,21.2,15.6,26.8,17,33,36,72,36,72,48,120,18,24,18,36,3,9,24,48,0.75,"Carnivore","Snakes"
5133,"Broad-shelled Turtle","Chelodina expansa","L","E","",1.75873031788473,0.510063378886908,6.35660613487819,1.30224140918994,0.481620865517924,3.82722284115666,0.335422732224203,0.109713433353139,0.804985640720935,0.308307214299861,0.105869850465439,0.766128936423054,"",154.558868092692,485,250,300,280,350,153.901939655172,108.598599137931,199.923060344828,148.701939655172,104.928843390805,1470,101.685555698888,198.891957631006,62.7021599090565,98.4581280788177,62.7021599090565,98.7980295566502,55.066420507597,100.690744984863,96,144,96,144,5,28,3.56456724103783,6.08301148742325,0.605823098470157,"Carnivore","Turtles"
5134,"Common Long-necked Turtle","Chelodina longicollis","U","DD","",1.75873031788473,0.510063378886908,6.35660613487819,1.30224140918994,0.481620865517924,3.82722284115666,0.335422732224203,0.109713433353139,0.804985640720935,0.308307214299861,0.105869850465439,0.766128936423054,"",154.558868092692,250,145,300,165,350,153.901939655172,108.598599137931,199.923060344828,148.701939655172,104.928843390805,1470,101.685555698888,198.891957631006,62.7021599090565,98.4581280788177,62.7021599090565,98.7980295566502,55.066420507597,100.690744984863,96,144,96,144,6,24,3.56456724103783,6.08301148742325,0.605823098470157,"Carnivore","Turtles"
5135,"Murray River Turtle","Emydura macquarii","U","V","",1.75873031788473,0.510063378886908,6.35660613487819,1.30224140918994,0.481620865517924,3.82722284115666,0.335422732224203,0.109713433353139,0.804985640720935,0.308307214299861,0.105869850465439,0.766128936423054,"",154.558868092692,367.5,197.5,300,222.5,350,153.901939655172,108.598599137931,199.923060344828,148.701939655172,104.928843390805,1470,101.685555698888,198.891957631006,62.7021599090565,98.4581280788177,62.7021599090565,98.7980295566502,55.066420507597,100.690744984863,96,144,96,144,6,25,3.56456724103783,6.08301148742325,0.605823098470157,"Omnivore","Turtles"
12007,"Green Turtle","Chelonia mydas","U","","",1.75873031788473,0.510063378886908,6.35660613487819,1.30224140918994,0.481620865517924,3.82722284115666,0.335422732224203,0.109713433353139,0.804985640720935,0.308307214299861,0.105869850465439,0.766128936423054,"",154.558868092692,367.5,197.5,300,222.5,350,153.901939655172,108.598599137931,199.923060344828,148.701939655172,104.928843390805,1470,101.685555698888,198.891957631006,62.7021599090565,98.4581280788177,62.7021599090565,98.7980295566502,55.066420507597,100.690744984863,96,144,96,144,5.66666666666667,25.6666666666667,3.56456724103783,6.08301148742325,0.605823098470157,"","Turtles"
12008,"Hawksbill Turtle","Eretmochelys imbricata","U","","",1.75873031788473,0.510063378886908,6.35660613487819,1.30224140918994,0.481620865517924,3.82722284115666,0.335422732224203,0.109713433353139,0.804985640720935,0.308307214299861,0.105869850465439,0.766128936423054,"",154.558868092692,367.5,197.5,300,222.5,350,153.901939655172,108.598599137931,199.923060344828,148.701939655172,104.928843390805,1470,101.685555698888,198.891957631006,62.7021599090565,98.4581280788177,62.7021599090565,98.7980295566502,55.066420507597,100.690744984863,96,144,96,144,5.66666666666667,25.6666666666667,3.56456724103783,6.08301148742325,0.605823098470157,"","Turtles"
12013,"Leathery Turtle","Dermochelys coriacea","L","CE","VU",1.75873031788473,0.510063378886908,6.35660613487819,1.30224140918994,0.481620865517924,3.82722284115666,0.335422732224203,0.109713433353139,0.804985640720935,0.308307214299861,0.105869850465439,0.766128936423054,"",154.558868092692,367.5,197.5,300,222.5,350,153.901939655172,108.598599137931,199.923060344828,148.701939655172,104.928843390805,1470,101.685555698888,198.891957631006,62.7021599090565,98.4581280788177,62.7021599090565,98.7980295566502,55.066420507597,100.690744984863,96,144,96,144,5.66666666666667,25.6666666666667,3.56456724103783,6.08301148742325,0.605823098470157,"","Turtles"
528560,"Loggerhead Turtle","Caretta caretta","U","","",1.75873031788473,0.510063378886908,6.35660613487819,1.30224140918994,0.481620865517924,3.82722284115666,0.335422732224203,0.109713433353139,0.804985640720935,0.308307214299861,0.105869850465439,0.766128936423054,"",154.558868092692,367.5,197.5,300,222.5,350,153.901939655172,108.598599137931,199.923060344828,148.701939655172,104.928843390805,1470,101.685555698888,198.891957631006,62.7021599090565,98.4581280788177,62.7021599090565,98.7980295566502,55.066420507597,100.690744984863,96,144,96,144,5.66666666666667,25.6666666666667,3.56456724103783,6.08301148742325,0.605823098470157,"","Turtles"
